{
  "assumption_1_holds": true,
  "difficulty_transfer_p": 0.0,
  "difficulty_transfer_d": 2.8757166862487793,
  "angle_boundary_difficulty": 87.40951875328378,
  "cosine_boundary_difficulty": 0.0451970249414444,
  "reaching_predicts_tool_p": 0.0,
  "reaching_predicts_tool_d": 6.790823936462402,
  "reaching_vs_difficulty_p": 0.0,
  "reaching_vs_difficulty_d": 2.1922991275787354,
  "boundary_accuracy": 0.9586511441188278,
  "difficulty_accuracy": 1.0
}